Class,Accuracy,Precision,Recall,F1-Score,Support
Cardboard,0.9269662921348315,0.9375,0.9269662921348315,0.9322033898305084,178
Food Organics,0.9634146341463414,0.9404761904761905,0.9634146341463414,0.9518072289156626,164
Glass,0.9559748427672956,0.9440993788819876,0.9559748427672956,0.95,159
Metal,0.9147540983606557,0.9177631578947368,0.9147540983606557,0.916256157635468,305
Miscellaneous Trash,0.8359788359788359,0.8926553672316384,0.8359788359788359,0.8633879781420765,189
Paper,0.9447236180904522,0.9353233830845771,0.9447236180904522,0.94,199
Plastic,0.9239130434782609,0.9139784946236559,0.9239130434782609,0.918918918918919,368
Textile Trash,0.944,0.9291338582677166,0.944,0.9365079365079365,125
Vegetation,0.9883720930232558,0.9826589595375722,0.9883720930232558,0.9855072463768116,172
