Class,Accuracy,Precision,Recall,F1-Score,Support
Cardboard,0.8863636363636364,0.9454545454545454,0.8863636363636364,0.9149560117302052,176
Food Organics,0.9681528662420382,0.8941176470588236,0.9681528662420382,0.9296636085626911,157
Glass,0.9135802469135802,0.961038961038961,0.9135802469135802,0.9367088607594937,162
Metal,0.9057239057239057,0.9087837837837838,0.9057239057239057,0.9072512647554806,297
Miscellaneous Trash,0.8497409326424871,0.9010989010989011,0.8497409326424871,0.8746666666666667,193
Paper,0.9521276595744681,0.9179487179487179,0.9521276595744681,0.9347258485639687,188
Plastic,0.896358543417367,0.8913649025069638,0.896358543417367,0.8938547486033519,357
Textile Trash,0.9682539682539683,0.9037037037037037,0.9682539682539683,0.9348659003831418,126
Vegetation,0.9767441860465116,0.9767441860465116,0.9767441860465116,0.9767441860465116,172
