Class,Accuracy,Precision,Recall,F1-Score,Support
Cardboard,0.9213483146067416,0.9601873536299765,0.9213483146067416,0.9403669724770642,445
Food Organics,0.9624060150375939,0.9014084507042254,0.9624060150375939,0.9309090909090909,399
Glass,0.9341463414634147,0.9598997493734336,0.9341463414634147,0.9468479604449939,410
Metal,0.9086161879895561,0.90625,0.9086161879895561,0.9074315514993481,766
Miscellaneous Trash,0.8123711340206186,0.9016018306636155,0.8123711340206186,0.8546637744034707,485
Paper,0.9628099173553719,0.9209486166007905,0.9628099173553719,0.9414141414141414,484
Plastic,0.9154616240266963,0.9073869900771775,0.9154616240266963,0.9114064230343301,899
Textile Trash,0.9455128205128205,0.9021406727828746,0.9455128205128205,0.9233176838810642,312
Vegetation,0.9812206572769953,0.9743589743589743,0.9812206572769953,0.9777777777777777,426
