Class,Accuracy,Precision,Recall,F1-Score,Support
Cardboard,0.8579545454545454,0.9041916167664671,0.8579545454545454,0.880466472303207,176
Food Organics,0.9299363057324841,0.8439306358381503,0.9299363057324841,0.8848484848484849,157
Glass,0.8580246913580247,0.9652777777777778,0.8580246913580247,0.9084967320261438,162
Metal,0.8821548821548821,0.7963525835866262,0.8821548821548821,0.8370607028753994,297
Miscellaneous Trash,0.7357512953367875,0.8255813953488372,0.7357512953367875,0.7780821917808219,193
Paper,0.9202127659574468,0.8480392156862745,0.9202127659574468,0.8826530612244898,188
Plastic,0.8543417366946778,0.8379120879120879,0.8543417366946778,0.8460471567267683,357
Textile Trash,0.7063492063492064,0.9270833333333334,0.7063492063492064,0.8018018018018018,126
Vegetation,0.9651162790697675,0.9273743016759777,0.9651162790697675,0.9458689458689459,172
