Class,Accuracy,Precision,Recall,F1-Score,Support
Cardboard,0.8820224719101124,0.9515151515151515,0.8820224719101124,0.9154518950437318,178
Food Organics,0.8963414634146342,0.8596491228070176,0.8963414634146342,0.8776119402985074,164
Glass,0.89937106918239,0.959731543624161,0.89937106918239,0.9285714285714286,159
Metal,0.8754098360655738,0.8190184049079755,0.8754098360655738,0.8462757527733756,305
Miscellaneous Trash,0.7195767195767195,0.8,0.7195767195767195,0.7576601671309192,189
Paper,0.9095477386934674,0.8660287081339713,0.9095477386934674,0.8872549019607843,199
Plastic,0.8695652173913043,0.8205128205128205,0.8695652173913043,0.8443271767810027,368
Textile Trash,0.728,0.9191919191919192,0.728,0.8125,125
Vegetation,0.9709302325581395,0.9277777777777778,0.9709302325581395,0.9488636363636364,172
