Class,Accuracy,Precision,Recall,F1-Score,Support
Cardboard,0.702247191011236,0.6544502617801047,0.702247191011236,0.6775067750677507,178
Food Organics,0.725609756097561,0.6611111111111111,0.725609756097561,0.6918604651162791,164
Glass,0.6037735849056604,0.8495575221238938,0.6037735849056604,0.7058823529411765,159
Metal,0.639344262295082,0.6372549019607843,0.639344262295082,0.6382978723404256,305
Miscellaneous Trash,0.31216931216931215,0.4609375,0.31216931216931215,0.3722397476340694,189
Paper,0.7135678391959799,0.6396396396396397,0.7135678391959799,0.6745843230403801,199
Plastic,0.6440217391304348,0.6220472440944882,0.6440217391304348,0.6328437917222964,368
Textile Trash,0.432,0.42857142857142855,0.432,0.4302788844621514,125
Vegetation,0.9011627906976745,0.7311320754716981,0.9011627906976745,0.8072916666666666,172
