Class,Accuracy,Precision,Recall,F1-Score,Support
Cardboard,0.6079545454545454,0.5879120879120879,0.6079545454545454,0.5977653631284916,176
Food Organics,0.7834394904458599,0.6275510204081632,0.7834394904458599,0.6968838526912181,157
Glass,0.5246913580246914,0.8762886597938144,0.5246913580246914,0.6563706563706564,162
Metal,0.6363636363636364,0.5692771084337349,0.6363636363636364,0.6009538950715422,297
Miscellaneous Trash,0.22279792746113988,0.40186915887850466,0.22279792746113988,0.2866666666666667,193
Paper,0.7074468085106383,0.588495575221239,0.7074468085106383,0.642512077294686,188
Plastic,0.6386554621848739,0.6477272727272727,0.6386554621848739,0.6431593794076164,357
Textile Trash,0.38095238095238093,0.42105263157894735,0.38095238095238093,0.4,126
Vegetation,0.9127906976744186,0.7072072072072072,0.9127906976744186,0.7969543147208121,172
